{
  "eval_loss": 0.07647618651390076,
  "eval_model_preparation_time": 0.0014,
  "eval_COMPANY": {
    "precision": 0.08936170212765958,
    "recall": 0.2916666666666667,
    "f1": 0.13680781758957655,
    "number": 72
  },
  "eval_EMPLOYMENT": {
    "precision": 0.0,
    "recall": 0.0,
    "f1": 0.0,
    "number": 11
  },
  "eval_LOCATION": {
    "precision": 0.0,
    "recall": 0.0,
    "f1": 0.0,
    "number": 16
  },
  "eval_ROLE": {
    "precision": 0.0,
    "recall": 0.0,
    "f1": 0.0,
    "number": 12
  },
  "eval_SALARY": {
    "precision": 0.0,
    "recall": 0.0,
    "f1": 0.0,
    "number": 0
  },
  "eval_overall_precision": 0.08571428571428572,
  "eval_overall_recall": 0.1891891891891892,
  "eval_overall_f1": 0.11797752808988765,
  "eval_overall_accuracy": 0.9859754774305556,
  "eval_samples_per_second": 4.127,
  "eval_steps_per_second": 0.516,
  "epoch": 0
}